id,userType,month,year,caregiverid,cohort,site,email,password,uid
"249101","child","12","2014","tgsrxGMR","G4_TP1","DE-mpieva-pilot","dmbxyahbme@levante.com","qtj5uh5bsz","xBQsua6E7A1fothP9KNc"
"249175","child","1","2015","KRRKS58h","G4_TP1","DE-mpieva-pilot","tnn012gyxz@levante.com","cvxjpauada","NGioaPHHgPKYL4vh9Boc"
"249401","child","1","2015","geVvJHBm","G4_TP1","DE-mpieva-pilot","r9mx7jfl6p@levante.com","9dalvsm0uv","7ta6wq0MVy2vUIWbIDno"
"249642","child","1","2015","qvrtqFVD","G4_TP1","DE-mpieva-pilot","71hqprqjmt@levante.com","2zrr6kth2x","fGJcF8gIno7zc0cefR0e"
"249725","child","1","2015","LeGpdwqQ","G4_TP1","DE-mpieva-pilot","sgrasq7dsq@levante.com","br463m2xnr","L57aBV0l7K5wEDpd1yvp"
"251522","child","7","2015","5RpLCHYs","G4_TP1","DE-mpieva-pilot","k3rfkz5x29@levante.com","3qxf1wzq3a","NPZw5gje1eQDJOakjpW3"
"251557","child","4","2015","BXXmC4E2","G4_TP1","DE-mpieva-pilot","99q4fktfw3@levante.com","h0syej72rd","yu0pSUxrWoWam1OblIBE"
"252019","child","6","2015","SRsSMvF6","G4_TP1","DE-mpieva-pilot","ft66rmc57c@levante.com","qlrq86pfum","a2Wn4l6z447iScqzpANx"
"252338","child","8","2015","uKiybyBT","G4_TP1","DE-mpieva-pilot","hppx44q3c5@levante.com","2mlvvkc1bc","9bTt79bFCVDksIoyNETE"
"252391","child","1","2016","AWg1nSwm","G4_TP1","DE-mpieva-pilot","4a90iuea2y@levante.com","2wivbk43il","a8KveW0z8OfbPJDkxK0q"
"252666","child","1","2016","Q7MitJHk","G4_TP1","DE-mpieva-pilot","zo0iqg9su1@levante.com","twidu0cer0","ZEmnj0vBJWMHm6Ic34BF"
"252783","child","12","2015","SyBn7ahR","G4_TP1","DE-mpieva-pilot","hbnarl0od4@levante.com","9g7rap1mev","pH4EjF6ExGnCR8qXhXEo"
"253251","child","11","2015","Eowspi8c","G4_TP1","DE-mpieva-pilot","jomdgv9u7f@levante.com","3xv464zvlh","eU5Q9Ix7KiTxsHa1gKZt"
"254244","child","9","2016","Mi3SwsWp","G4_TP1","DE-mpieva-pilot","sk0l5nrxg4@levante.com","camaah0tg0","S7D8ilo0KIRWz4kQcpxF"
"255096","child","5","2016","HVVepLoA","G4_TP1","DE-mpieva-pilot","700nxyqslq@levante.com","4qnwf1ho4y","gvrNtiK0a3U4pHex0B19"
"255344","child","9","2016","LPbuy4yV","G4_TP1","DE-mpieva-pilot","lr39gdkyem@levante.com","vow7asvej1","X9dKHAHwYjHeqyLE2T6E"
"255356","child","5","2016","yZo3EHPn","G4_TP1","DE-mpieva-pilot","l1oso9jyew@levante.com","6uke8z7cig","2PAOjnbMxeLxztp2wtuR"
"255496","child","7","2016","padzVW7a","G4_TP1","DE-mpieva-pilot","qmys4r9zbv@levante.com","i812hovri8","0Xj1FMaGHqlwemcQRgpI"
"256109","child","10","2015","tobhQSAo","G4_TP1","DE-mpieva-pilot","l50kz6p6tp@levante.com","s0p8wy83n5","g2a2IqqqF0BdM9UjEcAv"
"257305","child","4","2017","vAF8QVcu","G4_TP1","DE-mpieva-pilot","i58if5csq4@levante.com","fxw0gcpip6","wuTwqaAUBLxuvwHvgwwC"
"257884","child","6","2017","sy8UvoDY","G4_TP1","DE-mpieva-pilot","0v9hzr4kl3@levante.com","9uthmd79mm","a461TEY8LtqmkaEFaiLP"
"258110","child","11","2016","e1DnGPm8","G4_TP1","DE-mpieva-pilot","ytdxqa3fmu@levante.com","k2hpytzsd3","VrADvt5TuXslP6fIYlGY"
"258111","child","11","2016","bHdRvq6u","G4_TP1","DE-mpieva-pilot","7xyvjg4arm@levante.com","hulnkgvdyy","024s1Sl5JpDCMtOT7btE"
"258115","child","10","2016","aeUMGFR6","G4_TP1","DE-mpieva-pilot","ygmdklwiwh@levante.com","wfmjhoa2bk","g8u03ABVffLEIYLYlzhw"
"258575","child","8","2017","7m6LAe9Q","G4_TP1","DE-mpieva-pilot","ldp6u63fk0@levante.com","no6ff3jngu","RpBArBgo2IhHjoZiXo4A"
"258828","child","7","2017","DPGeSAah","G4_TP1","DE-mpieva-pilot","tahe13uj3f@levante.com","ql2ebuwq1e","MZUP3wcSJHz5HcqgzRx3"
"259214","child","12","2016","vTovubXe","G4_TP1","DE-mpieva-pilot","3r3nn5zrv7@levante.com","2pszac4r43","p8ExqkZ5nB6AJTec7xC2"
"259215","child","12","2016","uwMUiYHn","G4_TP1","DE-mpieva-pilot","q8472cfvse@levante.com","k5x47mshxc","rZBtGQsnGRPHLtZdAL19"
"260049","child","5","2018","3HFWuUZ7","G4_TP1","DE-mpieva-pilot","cc1crx0742@levante.com","k15ochwnod","YuSkqqdrXsYQpaP62PXv"
"260077","child","4","2018","hK6mwsd4","G4_TP1","DE-mpieva-pilot","azspzq1n3q@levante.com","zril10g8iw","BLUCWZP6axOUhSnOonYQ"
"260089","child","1","2018","FxZsXBWY","G4_TP1","DE-mpieva-pilot","kbjph9nx3i@levante.com","i5f3x9d7ku","yQ3CyAks5zmEczo40BpY"
"260205","child","1","2018","EdV3xbkR","G4_TP1","DE-mpieva-pilot","lwk4sndr5w@levante.com","rh1nvbv9hk","mFNqlFSivX6O5O9X3mlh"
"260462","child","3","2018","3AUdhYy9","G4_TP1","DE-mpieva-pilot","t5i5vzbpyt@levante.com","50csodq0o2","QsK7mxDRMVbtG9eu15Vq"
"260577","child","7","2018","Fa1kL2f9","G4_TP1","DE-mpieva-pilot","e81n05mhex@levante.com","nmx2vdcmnj","8yATonhR9GFhU20xfPAU"
"260786","child","4","2017","LUepLEBm","G4_TP1","DE-mpieva-pilot","nfy13oqgfw@levante.com","k2ch3chxdr","iUDqCAQGbCzUCXVJYhwe"
"261390","child","7","2015","YcCuTWFN","G4_TP1","DE-mpieva-pilot","99ig7vvq2l@levante.com","y2wd9u7os4","wyLYbpj9j4FOFS29bNxm"
"262014","child","4","2019","5iuYLJr9","G4_TP1","DE-mpieva-pilot","7omccb7lsz@levante.com","hqlw5ysn18","Zm9X6mcxZplkPM7g3x3w"
"262218","child","7","2019","GvMQpvR7","G4_TP1","DE-mpieva-pilot","m9vjy63ax8@levante.com","sgm8jmh93p","qBh1oHTzDfSGSRGXEtbD"
"262732","child","8","2019","eStYknaV","G4_TP1","DE-mpieva-pilot","m4san1qntg@levante.com","79c2yjpm6z","z0vTS4m1fjbL7ig0a48b"
"263149","child","8","2019","VrXbP6P1","G4_TP1","DE-mpieva-pilot","xwyrmxere7@levante.com","i40n8nlhkp","liZp1ZapONGG2fKkys89"
"263600","child","8","2017","heV9sgeU","G4_TP1","DE-mpieva-pilot","4ra7ry7hi1@levante.com","t19uum21n7","bztXFcazUJw6K62ZIXiv"
"263721","child","9","2019","y7QvaZ1f","G4_TP1","DE-mpieva-pilot","obwfby1jh8@levante.com","cy59nepthx","GLx3DgOSGB0gsmB71IqJ"
"264175","child","6","2020","akrsG2WV","G4_TP1","DE-mpieva-pilot","50gw2r0i5k@levante.com","rv4zsnybe8","S51FSrz3pygNSJhW28bs"
"264444","child","6","2020","LWregvWr","G4_TP1","DE-mpieva-pilot","emhnc06raz@levante.com","zufly2kj2e","aYIBUvd9hQDRMCZky197"
"264501","child","1","2020","VGYVLK6i","G4_TP1","DE-mpieva-pilot","e73qwsm19o@levante.com","uxms7u7ei9","CDJhsYLoK7fmL49ekxDa"
"264579","child","1","2020","sVcomoKy","G4_TP1","DE-mpieva-pilot","17s6dj18em@levante.com","4lkg8plua9","9pwQDMCoLlePdJL1TMDe"
"264629","child","1","2020","VQ8rS2xR","G4_TP1","DE-mpieva-pilot","s9rtstgjx0@levante.com","zeoz40wzq0","TNGg6fEyoOLj8MhNbi2c"
"264678","child","7","2020","eCpngEVJ","G4_TP1","DE-mpieva-pilot","dml4x7yta2@levante.com","lvkxljh8jk","fnLcxFU58ZMSiz7bFGpk"
"264702","child","7","2020","Vng5xJeQ","G4_TP1","DE-mpieva-pilot","kgvjiih1kl@levante.com","mm1elp2xi2","pedGOfIaF4YANPRK6rYS"
"264810","child","7","2020","8XomYUJV","G4_TP1","DE-mpieva-pilot","rs2bkdgnm2@levante.com","jwu9wwyx7i","EwNZ3zdPhEFsjdL5oi4c"
"264875","child","8","2019","rJ1McF5Q","G4_TP1","DE-mpieva-pilot","hxfc7297pi@levante.com","c1v0n22y8g","gP68YxkFswRrbCAypoMv"
"264887","child","7","2020","ESaGHnLA","G4_TP1","DE-mpieva-pilot","ewx5xfkemb@levante.com","62d0vkbacb","Zvyw3BCsUiwzFQ6foMxH"
"265222","child","8","2019","aLZbGSQP","G4_TP1","DE-mpieva-pilot","tmh57q53ag@levante.com","cqpzrvgwm5","Axw05DRvsnVtvaiK5hSb"
"265548","child","4","2018","BdTAfvqS","G4_TP1","DE-mpieva-pilot","xmsvw54f6h@levante.com","cxuxh7qp60","qRT6471eVaVXTStoeZ8y"
"265632","child","9","2017","bXYZovQa","G4_TP1","DE-mpieva-pilot","7vv6n6sm92@levante.com","djtqh60icn","VHNOFCpDLIkbzbPyhroN"
"265633","child","12","2018","SFWWAs1D","G4_TP1","DE-mpieva-pilot","3kzez0ac5m@levante.com","fh4lv3ozfr","ckh04wbDSDj8SxUlKjpE"
"265860","child","4","2019","6ZS3BSUq","G4_TP1","DE-mpieva-pilot","9swqpov0qb@levante.com","fylcq6m0jd","UgDwo6gObVa6L2Lm1vAB"
"267701","child","1","2018","DVGnBbD3","G4_TP1","DE-mpieva-pilot","6qm4r7jbau@levante.com","yb2x9msfl0","z6jqx1y0exIznOqsItja"
"267950","child","2","2018","LoVqDCws","G4_TP1","DE-mpieva-pilot","b6ex8uhiz3@levante.com","x0lwi1qpyd","RamKFf6BUJV5WzW4uegw"
"267951","child","11","2015","SxnK5ugs","G4_TP1","DE-mpieva-pilot","m9mpbrdnb1@levante.com","tk14sj1pbr","6OpK3OxtAIGEQPHl8ALY"
"271493","child","12","2015","ugTDLLvA","G4_TP1","DE-mpieva-pilot","ie9bypmof2@levante.com","rtrxoewpwt","eVeo01BHa9UIcT2YJMTb"
"276011","child","12","2017","TCbBPEkq","G4_TP1","DE-mpieva-pilot","rh99yrne4k@levante.com","q1m017evdt","YDcBrFfvW1B4WpNyIWM0"
"276088","child","6","2020","QJSF5vxx","G4_TP1","DE-mpieva-pilot","mg8crug38d@levante.com","gztcc316we","xfiicB7OqUH4w7MpFQip"
"278073","child","8","2019","uGAQ6FBW","G4_TP1","DE-mpieva-pilot","sde27mbvdl@levante.com","qb4ec8sl64","VN2RPDpXxH4NaAojCfxA"
"295147","child","10","2018","Ui1zNF2U","G4_TP1","DE-mpieva-pilot","eg683d3wqe@levante.com","d9rm6b7zjo","4gKH3Qj9hh1VKqtMgfKR"
"3AUdhYy9","caregiver","","","","G4_TP1","DE-mpieva-pilot","68acos62nc@levante.com","5h8uurtzu0","Q8eDXXDdzSDp7LTRXP6t"
"3HFWuUZ7","caregiver","","","","G4_TP1","DE-mpieva-pilot","v1cx6g36p2@levante.com","piyvxf930g","eTscuiybFebyH5qMAVND"
"5iuYLJr9","caregiver","","","","G4_TP1","DE-mpieva-pilot","pumfh3fa9u@levante.com","fr8s6t9o9l","nDm4h3AUvPkuPjDjogAC"
"5RpLCHYs","caregiver","","","","G4_TP1","DE-mpieva-pilot","mm0ajn42yn@levante.com","aseq73fc3m","AKf9lXjKvdiBkPTmfiCF"
"6ZS3BSUq","caregiver","","","","G4_TP1","DE-mpieva-pilot","qetbdan0i1@levante.com","1pwmfj42fo","1DPZG5VLbmGUXDjuVXY2"
"7m6LAe9Q","caregiver","","","","G4_TP1","DE-mpieva-pilot","bqljdkqc89@levante.com","vedt28996z","HGVTcTYNb4Xz8O0goJkG"
"8XomYUJV","caregiver","","","","G4_TP1","DE-mpieva-pilot","r8l0c5p0h0@levante.com","lpsto6rgnt","e1V0kBNT21qB2ifiQ7jt"
"aeUMGFR6","caregiver","","","","G4_TP1","DE-mpieva-pilot","i6js7127ci@levante.com","s5j5hm1uf2","whS3L2LNu35XWzLKzERF"
"akrsG2WV","caregiver","","","","G4_TP1","DE-mpieva-pilot","hia3wnk2qj@levante.com","a2jl2xpx9u","YoSHxbdPfFquQM4p3xjs"
"aLZbGSQP","caregiver","","","","G4_TP1","DE-mpieva-pilot","kjbjvohxtz@levante.com","r23dywk5m5","FBvTJmAruCfGGGrJCIiA"
"AWg1nSwm","caregiver","","","","G4_TP1","DE-mpieva-pilot","9esp6m7cnf@levante.com","qckbfiyhyx","TvSGFApAcN3b4zo0xfol"
"BdTAfvqS","caregiver","","","","G4_TP1","DE-mpieva-pilot","p2t6ldi32h@levante.com","d1uwin590e","JEY01HYS72N8CjNv7BYh"
"bHdRvq6u","caregiver","","","","G4_TP1","DE-mpieva-pilot","098haoqij5@levante.com","ndxzz1fomy","q1bJyeueoeSlCR7C5e3u"
"BXXmC4E2","caregiver","","","","G4_TP1","DE-mpieva-pilot","06us563irm@levante.com","51ixozjzi8","qAmGB8VFxGaFfgIhEzJm"
"bXYZovQa","caregiver","","","","G4_TP1","DE-mpieva-pilot","tqsnir4eph@levante.com","s5xqrsox95","mPl4Xk0dlvKHgNVECRye"
"DPGeSAah","caregiver","","","","G4_TP1","DE-mpieva-pilot","zmql1e5d21@levante.com","gb1r7kp5bw","gtNHhWOIUjl5521gagAA"
"DVGnBbD3","caregiver","","","","G4_TP1","DE-mpieva-pilot","5o5x7z8q1v@levante.com","1urbx2jc28","Hrdb6MmROwxiINpKQ4dK"
"e1DnGPm8","caregiver","","","","G4_TP1","DE-mpieva-pilot","i6xbdu7b1e@levante.com","ckw4z9nzqi","4jTsYBptevTLkuElHT0J"
"eCpngEVJ","caregiver","","","","G4_TP1","DE-mpieva-pilot","kdu40eo8cr@levante.com","p8k9ewdpmm","lYKADS5w8e8hq3PQOmxb"
"EdV3xbkR","caregiver","","","","G4_TP1","DE-mpieva-pilot","p90jkd55kc@levante.com","3o76s8mmuh","YITzjpCPEngkpIvxAo6p"
"Eowspi8c","caregiver","","","","G4_TP1","DE-mpieva-pilot","cg7evwxqjo@levante.com","abxi4012yc","7GL5oWTXpX9mMyww5n4a"
"ESaGHnLA","caregiver","","","","G4_TP1","DE-mpieva-pilot","8kthm2m35t@levante.com","udhq7elg5c","D93k5gVEXHmsiCCxeMXE"
"eStYknaV","caregiver","","","","G4_TP1","DE-mpieva-pilot","5eswcabhrw@levante.com","h5arrtfxsx","5xqYDh9YMqaV9HzlWYf4"
"Fa1kL2f9","caregiver","","","","G4_TP1","DE-mpieva-pilot","ba5qnsnm6c@levante.com","ovvg3ewvpc","2uzcV5pmZfYAch15oTiK"
"FxZsXBWY","caregiver","","","","G4_TP1","DE-mpieva-pilot","qtlbh528p2@levante.com","yb3rha7s6a","wYhhM85RfPssU8ZItBS1"
"geVvJHBm","caregiver","","","","G4_TP1","DE-mpieva-pilot","x46v1qp5kj@levante.com","5481xzf7sj","ZuMwRdgzYvA9Hwg5UEm7"
"GvMQpvR7","caregiver","","","","G4_TP1","DE-mpieva-pilot","x2860nv8il@levante.com","zelryvycpt","bEfe1DR52Y6qwWHLygvI"
"heV9sgeU","caregiver","","","","G4_TP1","DE-mpieva-pilot","igvz2rc7lc@levante.com","3suoxukkv9","ZBcxQJKs6JLsWMrrh39e"
"hK6mwsd4","caregiver","","","","G4_TP1","DE-mpieva-pilot","um1777v3bl@levante.com","b49rklt1w7","LalJgpNmxctvq4WBRfHT"
"HVVepLoA","caregiver","","","","G4_TP1","DE-mpieva-pilot","qr98txz2l6@levante.com","h5xobny77j","qXXFkapnzuhTksADpSqT"
"KRRKS58h","caregiver","","","","G4_TP1","DE-mpieva-pilot","ejcgdyo8oi@levante.com","ici7qaq5y9","Q9hJe0LKXfSEeoXbqs8T"
"LeGpdwqQ","caregiver","","","","G4_TP1","DE-mpieva-pilot","pl620y9vxe@levante.com","c5zpt964gc","CROTifTYGv0ednfnOn7E"
"LoVqDCws","caregiver","","","","G4_TP1","DE-mpieva-pilot","byexx7m5k6@levante.com","c5s0q1ibvv","FUXDihl4we7pHQOcmdeY"
"LPbuy4yV","caregiver","","","","G4_TP1","DE-mpieva-pilot","0lyr1h1e1x@levante.com","j0ym6cwk8l","psBMWJuqedrLjzo7bXkX"
"LUepLEBm","caregiver","","","","G4_TP1","DE-mpieva-pilot","2g0x33oxlx@levante.com","ia91g3br6g","ZNM4P12Isf0yYeNgwvo9"
"LWregvWr","caregiver","","","","G4_TP1","DE-mpieva-pilot","ezxatyvfuw@levante.com","otqhba3a1z","8zxFLDfH56o7XiH2mFvd"
"Mi3SwsWp","caregiver","","","","G4_TP1","DE-mpieva-pilot","s1oyhrj76y@levante.com","ao71zpsawr","Bdg8SmpTlhbKKeZobUBJ"
"padzVW7a","caregiver","","","","G4_TP1","DE-mpieva-pilot","9db97nr7l5@levante.com","kqj4nmpqtz","5tPXxAvvwlTVx1lYPoT0"
"Q7MitJHk","caregiver","","","","G4_TP1","DE-mpieva-pilot","0cm3loagnd@levante.com","vky9fafak8","HzykBPKhV8N3coYLJ20e"
"QJSF5vxx","caregiver","","","","G4_TP1","DE-mpieva-pilot","vpzf9yvo9h@levante.com","w6j7b9rf8r","IUkTQV7tmaqalgIybdAI"
"qvrtqFVD","caregiver","","","","G4_TP1","DE-mpieva-pilot","gclqeso2sh@levante.com","i3e7wy7hfj","O9MuT9gSPiNFQwWEt0Zo"
"rJ1McF5Q","caregiver","","","","G4_TP1","DE-mpieva-pilot","a7r9q57ve8@levante.com","n2ayyxetvs","AF3xfZYMjEO1DIneoGzj"
"SFWWAs1D","caregiver","","","","G4_TP1","DE-mpieva-pilot","goebgsq8or@levante.com","m84n9csc70","f2W8xFVZ8M8855150h0J"
"SRsSMvF6","caregiver","","","","G4_TP1","DE-mpieva-pilot","tcwk6xhrei@levante.com","ndernkyr63","lOFhHH1ObZFzxz5LI0wB"
"sVcomoKy","caregiver","","","","G4_TP1","DE-mpieva-pilot","fwlf2hyc0m@levante.com","62ec5blsxu","pNRKUue479HXmhKy1X5i"
"SxnK5ugs","caregiver","","","","G4_TP1","DE-mpieva-pilot","h5t4xan5le@levante.com","wt7hoc0y1t","GAnmDv2OjYgD6d6MesCL"
"sy8UvoDY","caregiver","","","","G4_TP1","DE-mpieva-pilot","0ltzszgupz@levante.com","o1araomkp1","hvIwC26J85ZfihdgVozm"
"SyBn7ahR","caregiver","","","","G4_TP1","DE-mpieva-pilot","08ujpm1ota@levante.com","s08ufl2s96","8iUHHu4mqinTS9aGwrCo"
"TCbBPEkq","caregiver","","","","G4_TP1","DE-mpieva-pilot","uyxd798k99@levante.com","2u38mj7g2a","IHk6MQSVKesXLQIndWt4"
"tgsrxGMR","caregiver","","","","G4_TP1","DE-mpieva-pilot","rzvjef8wwa@levante.com","23lt58qkgx","QpSasu4nCj43tT88khaa"
"tobhQSAo","caregiver","","","","G4_TP1","DE-mpieva-pilot","ech0d8sv8p@levante.com","x9qfncraxh","XQyOblh2wiQJeFaIo8bK"
"uGAQ6FBW","caregiver","","","","G4_TP1","DE-mpieva-pilot","vfymzqxqjk@levante.com","au5kxuzms8","75JJ52liIeizGJONSsCT"
"ugTDLLvA","caregiver","","","","G4_TP1","DE-mpieva-pilot","r8p86m90fa@levante.com","1u92zitueu","mkweASFkW1JLGtuK7zFX"
"Ui1zNF2U","caregiver","","","","G4_TP1","DE-mpieva-pilot","04y7huylc2@levante.com","m62otuz76q","owAKfp0aEQqyvnc0yoJX"
"uKiybyBT","caregiver","","","","G4_TP1","DE-mpieva-pilot","2a3s6b0nnx@levante.com","6tv8o45u52","wzlSF9RnErQdV9MxLjdi"
"uwMUiYHn","caregiver","","","","G4_TP1","DE-mpieva-pilot","4vldihw6ok@levante.com","4tl00ddvtn","jA973bamqRGYkkVDKsBM"
"vAF8QVcu","caregiver","","","","G4_TP1","DE-mpieva-pilot","otlpsxile1@levante.com","8t5d2jx7an","9YaKPFsQm50DerCfyCUZ"
"VGYVLK6i","caregiver","","","","G4_TP1","DE-mpieva-pilot","xxoc75hylp@levante.com","zyl6axki0w","3SAAcNpImcrShLlSGfU1"
"Vng5xJeQ","caregiver","","","","G4_TP1","DE-mpieva-pilot","hwly8ngsw3@levante.com","64evstem4h","HmQbW1qFjgaJPdj3DzGr"
"VQ8rS2xR","caregiver","","","","G4_TP1","DE-mpieva-pilot","cf534c0iry@levante.com","bre7fwkfvu","rJgnBWFaVUV4X71ozTaM"
"VrXbP6P1","caregiver","","","","G4_TP1","DE-mpieva-pilot","dbxrbf2b9l@levante.com","guh8cjyxzf","MiASsagexwfuMeK65c5v"
"vTovubXe","caregiver","","","","G4_TP1","DE-mpieva-pilot","u23rxjdkb1@levante.com","g57m83dpiu","KsdOMFlaz470aByxiqRy"
"y7QvaZ1f","caregiver","","","","G4_TP1","DE-mpieva-pilot","9hju42gehd@levante.com","zxz6l30ajz","JAy1GNlT6Zkl69NYR0Xu"
"YcCuTWFN","caregiver","","","","G4_TP1","DE-mpieva-pilot","l28ztnenpp@levante.com","en8vmz83fo","LSedgDd8P9w7OoHeznpA"
"yZo3EHPn","caregiver","","","","G4_TP1","DE-mpieva-pilot","otm0cmbup8@levante.com","by8oho49od","Dh4VtHSdqqpPXwVOqHJl"
"1","child","12","2015","","G4_TP1","DE-mpieva-pilot","h5xf699t8g@levante.com","2dfzb9fpcd","8xkVgLyjKHJRzDwsq0v4"
"2","child","4","2018","","G4_TP1","DE-mpieva-pilot","5sycthecpz@levante.com","0l8ii36fbk","x4FekGlslfTWCE7FGwdG"
"3","child","1","2020","","G4_TP1","DE-mpieva-pilot","n80xvnkop2@levante.com","htmbroqysu","6G3L4ODPf3ScOZSqCbnA"